de	1	Obama empfängt Netanyahu	Obama welcomes Netanyahu	Obama, Netanyahu	Obama receives Netanyahu	x     	v->pun     
de	2	Das Verhältnis zwischen Obama und Netanyahu ist nicht gerade freundschaftlich.	The relationship between Obama and Netanyahu is not exactly friendly.	The relationship between Obama and Netanyahu is not exactly friendly.	The relationship between Obama and Netanyahu is not exactly friendly.	x     	x     
de	3	Die beiden wollten über die Umsetzung der internationalen Vereinbarung sowie über Teherans destabilisierende Maßnahmen im Nahen Osten sprechen.	The two wanted to talk about the implementation of the international agreement, as well as Tehran's destabilizing measures in the Middle East.	The two wanted to talk about the implementation of the international agreement on Tehran's destabilizing policies in the Middle East.	The two wanted to talk about the implementation of the international agreement and about Teheran's destabilising activities in the Middle East.	x     	prep_miss     
en	15	Delta State University Polizeichef Lynn Buford sagte, dass Universitäts-Mitarbeiter das Schießen um 10:18 Uhr gehört haben.	Delta State University police chief Lynn Buford said university employees heard the shooting at 10: 18 p.m.	Delta State University Police Chief Lynn said Wednesday that university staff the shooting at 10: 18 a.m. heard.	Delta State University police chief Lynn Buford said university officials heard about the shooting at 10:18 a.m.	time     	ne v_order    
en	21	Die Polizei in Gautier, wo Prentiss starb, sagte, er habe keine Geschichte der Gewalt oder eine kriminelle Vorgeschichte.	Police in Gautier, where Prentiss died, said he had no history of violence or a criminal history.	The police in Gautier, where Prentiss died, said he had no history of violence or a criminal record.	Police in Gautier, where Prentiss died, said he had no history of violence or criminal record.	n_lex_style art_ext    	art_ext art_ext    
en	22	Schmidt selbst hatte Lamb in einem von ihm geschriebenen Buch erwähnt, in dem er die "wunderbaren Menschen" erwähnte, mit denen er sein akademisches Leben teilte.	Schmidt himself had mentioned Lamb in a book written by him, in which he mentioned the "wonderful people" with whom he shared his academic life.	Schmidt Lamb himself had mentioned in a book written by him, in which he spoke of the "beautiful people" with whom he shared his academic life.	Schmidt himself had included Lamb in a book he wrote where he acknowledged the "wonderful people" he shared his academic life with.	passive     	passive ne    
en	24	Zur gleichen Zeit gab es einige Neigungen zu problematischen Verhaltensweisen.	At the same time, there were some incumbents to problematic behavior.	At the same time, there were some inclinations to problematic behaviors.	At the same time, there were some inclinations of problems.	n_lex     	n_infl     
en	28	In diesem Jahr unterrichtete er nur zwei Online-Kurse.	This year, he taught only two online courses.	This year, he taught only two online courses.	This year, he was only teaching two online classes.	v_past_cont     	v_past_cont     
en	30	Universitäts-Präsident William LaForge sagte, er wisse nichts von einem Konflikt zwischen Lamb und Schmidt, aber "natürlich gab es etwas in Mr Lambs Vorstellung."	University President William LaForge said he knew nothing of a conflict between Lamb and Schmidt, but "of course there was something in Mr Lambs's idea."	University President William upon said that he knew nothing about a conflict between Lamb and Schmidt, of course, but "there was something in Mr. Lambs idea."	University President William LaForge said he didn't know of any conflict between Lamb and Schmidt but "obviously there was something in Mr. Lamb's mind."	ne n_lex    	ne_trans conj_order ne n_lex  
en	31	Das sind Fragen, die Lamb nicht mehr beantworten kann.	These are questions that Lamb can no longer answer.	These are questions that can no longer answer Lamb.	Those are questions Lamb can no longer answer.	x     	ne     
en	32	Nach der Flucht aus dem Campus fand die Polizei später Lambs Spur, als er wieder in Mississippi aus Arkansas einfuhr.	After fleeing from campus, police later found Lambs lane when he returned to Mississippi from Arkansas.	After fleeing the campus police later found Lambs when he could back into Mississippi from Arkansas.	After fleeing the campus, police later picked up Lamb's trail when he crossed back into Mississippi from Arkansas.	ne lex    	ne n_miss v_lex   
en	34	Sein Auto lief noch in der Einfahrt.	His car still ran in the driveway.	His car was still in the driveway.	His car was still running in the driveway.	v_past_cont     	v_past_cont     
en	36	Lamb wuchs in der Gegend auf.	Lamb grew up in the area.	Lamb grew up in the area.	Lamb grew up in the area.	x     	x     
en	39	Einer der langjährigen Freundinnen Lambs bezeichnete ihn als intelligent, charismatisch und lustig.	One of the longtime girlfriends Lambs described him as intelligent, charismatic and funny.	One of the longtime girlfriends Lambs described him as intelligent, charismatic and funny.	One of Lamb's longtime friends described him as smart, charismatic and funny.	ne ne    	ne ne    
en	40	Carla Hairston sagte, sie war 15 und Lamm war 20, als sie sich durch gemeinsame Freunde trafen.	Carla Hairston said she was 15 and lamb was 20 when they met through common friends.	Carla hair tone said she was 15 and lamb was 20 when they met through mutual friends.	Carla Hairston said she was 15 and Lamb was 20 when they met through mutual friends.	ne     	ne_trans ne    
en	44	Lamb und Prentiss waren offensichtlich einige Zeit zusammen.	Lamb and Prentiss were obviously some time together.	Lamb and Prentiss were apparently some time together.	Lamb and Prentiss had apparently been dating for some time.	v_past_cont     	v_past_cont     
en	45	In dem Notruf sagte Lamb "Ich habe meine Frau getötet", aber es gab keine Urkunde von einer Heirat.	In the emergency call, Lamb said "I killed my wife," but there was no certificate from a marriage.	In an emergency, Lamb said, "I've killed my wife," but there was no certificate of marriage.	In the 911 call, Lamb said "I killed my wife," but there was no record of them ever marrying.	prep art_ext    	art v_ext    
en	46	Sie hatten einen Hund namens Lightning, der mit ihnen in dem Backstein-Haus lebte, das an einen Bayou in Gautier angrenzt.	They had a dog called Lightning, who lived with them in the Backstein house, bordering on a Bayou in Gautier.	You had a dog named Lightning, with them in the brick house, located on a Bayou in Gautier.	They had a dog named Lightning that lived with them at the brick house that backs up to a bayou in Gautier.	pron_rel untrans style   	ambig_pron pron_rel_miss v_miss v_lex  
en	47	Die Polizei sagte, dass der Hund in Ordnung war.	Police said the dog was OK.	The police said that the dog was in order.	Police said the dog was OK.	x     	art_ext literal    
en	48	Der Ex-Ehemann von Prentiss, Shawn O'Steen, sagte, sie seien vor 15 Jahren geschieden wurden, aber Freunde geblieben waren und eine Tochter hatten, die jetzt 19 Jahre alt war.	Prentiss's ex-husband, Shawn O'Steen, said they were divorced 15 years ago, but friends had stayed and had a daughter who was now 19 years old.	The ex-husband of Prentiss, Shawn O 'Steen, said that they had been divorced 15 years ago, but have remained friends and had a daughter, now 19 years old.	Prentiss' ex-husband, Shawn O'Steen, said they divorced 15 years ago but remained friends and had a daughter who's now 19.	v_past_cont n-coll v_order   	art_ext literal passive v_past_cont  
en	50	Sie und ihre Mutter waren absolut beste Freunde.	She and her mother were absolutely best friends.	She and her mother were absolutely best friends.	She and her mother were absolutely best friends.	x     	x     
en	55	Prentiss war eine Krankenschwester, die für verschiedene Unternehmen online arbeitete.	Prentiss was a nurse who worked online for various companies.	Prentiss was a nurse who worked for various companies online.	Prentiss was a nurse who worked for various companies online.	x     	x     
en	57	Es gab keine Anzeichen dafür, dass irgendetwas nicht stimmte.	There were no signs that anything was wrong.	There was no indication that anything was wrong.	There was no sign of anything amiss.	x     	x     
en	58	"Einfach nur ein glückliches Paar", sagte er.	"Just a happy couple," he said.	"Just a happy couple," he said.	"Just a happy couple," he said.	x     	x     
en	62	Er war verheiratet und hatte drei kleine Kinder.	He was married and had three small children.	He was married and had three small children.	He was married and had three young children.	x     	x     
en	66	Der Unterricht wird am Mittwoch wieder aufgenommen.	Classes will resume on Wednesday.	The classes will resume on Wednesday.	Classes resume Wednesday.	x     	art_ext     
en	70	Amy und Rogelio Solis berichteten aus Cleveland, Mississippi.	Amy and Rogelio Solis reported from Cleveland, Mississippi.	Amy and Rogelio Solis reported from Cleveland, Mississippi.	Amy and Rogelio Solis reported from Cleveland, Mississippi.	x     	x     
en	71	Associated Press Autoren Emily Wagster Pettus in Greenville, Mississippi, und Rebecca Santana in New Orleans trugen zu diesem Bericht bei.	Associated Press writers Emily Wagster Pettus in Greenville, Mississippi, and Rebecca Santana in New Orleans contributed to this report.	Associated Press writers Emily Wagster Pettus in Greenville, Mississippi, and Rebecca Santana in New Orleans contributed to this report.	Associated Press writers Emily Wagster Pettus in Greenville, Mississippi, and Rebecca Santana in New Orleans contributed to this report.	x     	x     
en	76	Die meisten Jobs werden Teilzeitjobs sein.	Most jobs will be part-time jobs.	Most of the jobs will be part-time jobs.	Most of the jobs will be part-time.	x     	x     
en	79	Michael J. Fox scherzt über sein "Date" mit Prinzessin Diana	Michael J. Fox jokes about his "date" with Princess Diana	Michael J. Fox jokes about his "Date" with Princess Diana	Michael J. Fox Jokes About His 'Date' With Princess Diana	x     	x     
en	81	Sie war auch aus persönlichen Gründen bemerkenswert.	It was also remarkable for personal reasons.	It was also remarkable for personal reasons.	It was noteworthy because of personal reasons, too.	x     	x     
en	92	Er bedauerte, dass die Aufspaltungen im Rat und innerhalb des syrischen Volkes und der Regionalmächte "diese Situation unlösbar machen."	He regretted that the divisions in the council and within the Syrian people and regional powers "make this situation intractable."	He regretted that the divisions within the Council and within the Syrian people and the regional powers are "impossible to solve this situation."	He expressed regret that divisions in the council and among the Syrian people and regional powers "made this situation unsolvable."	art_ext prep v_infl   	art_ext prep prep art_ext v_lex phrase_structure
en	94	8 Umfragewerte, die zeigen, dass Donald Trump ernst zu nehmen ist.	8 poll results showing that Donald Trump is serious.	8 poll numbers that show that Donald Trump should be taken seriously.	8 Poll Numbers That Show Donald Trump Is For Real	pron_rel_miss mwe    	x     
en	96	Andere haben ihn als einen Witz abgetan.	Others dismissed him as a joke.	Others have dismissed it as a joke.	Others have dismissed him as a joke.	v_past_cont     	pron_it     
en	97	Und manche warten auf einen Zusammenbruch.	And some are waiting for a collapse.	And some are waiting for a collapse.	And some are holding out for an implosion.	x     	x     
en	98	Aber egal, wie einige Republikaner versuchen, Donald Trump von den oberen Rängen bei Umfragen nach unten zu ziehen, es hat (noch) nicht funktioniert.	But no matter how some Republicans try to pull Donald Trump from the top ranks at polls down, it (still) didn't work.	But no matter how some Republicans are trying to draw Donald Trump from the top echelons of surveys, it has not worked (yet).	But no matter how some Republicans are trying to drag Donald Trump down from atop the polls, it hasn't worked (yet).	v_pres_cont adv_order v_past_cont   	v_lex n_lex    
en	100	Natürlich ist es noch zu früh in der Wahlperiode.	Of course, it is too early in the parliamentary term.	Of course, it is still too early in the term.	Of course, it's still early in the election cycle.	adv_miss comp    	comp     
en	101	Keiner behauptet, dass Trump wahrscheinlich die republikanische Nominierung gewinnen wird.	No one claims that Trump is likely to win the Republican nomination.	No one claims that Trump is likely to win the Republican nomination.	None of this is to say that Trump is likely to win the Republican nomination.	x     	x     
en	107	Kurz bevor Donald Trump seine Kandidatur Mitte Juni ankündigte, zeigte eine Umfrage der Monmouth-University, dass nur zwei von zehn Republikanern den Immobilien-Mogul positiv sahen.	Just before Donald Trump announced his candidacy in mid-June, a poll by Monmouth-University showed that only two out of 10 Republicans saw the real estate mogul positive.	Shortly before Donald Trump announced his candidacy in mid-June, showed a poll by Monmouth University that only two out of ten Republicans, the real estate mogul was positive.	Right before Donald Trump announced his candidacy in mid-June, a Monmouth University poll showed only two in 10 Republicans had a positive view of the real estate mogul.	prep_miss     	literal v_lex    
en	108	Bis Mitte Juli waren es 40 Prozent.	By mid-July, it was 40 percent.	By mid-July, there were 40 percent.	By mid-July, it was 40 percent.	x     	literal     
en	109	Anfang August waren es 52 Prozent.	In early August, it was 52 percent.	At the beginning of August, there were 52 percent.	In early August, it was 52 percent.	x     	literal     
en	112	Und diese Zahlen halten sich in frühen Staaten.	And those numbers keep in early states.	And these figures are in early states.	And these numbers hold up in early states.	v_lex_style     	v_lex     
en	116	Nur zwei von 10 sagen, sie wären "verärgert", wenn er der Kandidat wäre.	Only two out of 10 say they would be "upset" if he were the candidate.	Only two out of 10 say they would be "upset" if he were the nominee.	Only two in 10 say they would be "upset" if he were the nominee.	x     	x     
en	117	Nur Ben Carson schafft ungefähr die gleiche Begeisterung wie Trump (43 Prozent sagen, sie wären "begeistert" vs. 40 Prozent, die das gleiche über Trump sagen).	Only Ben Carson creates roughly the same enthusiasm as Trump (43 percent say they would be "thrilled" vs. 40 percent who say the same about Trump).	Only Ben Carson creates the same enthusiasm about how Trump (43 percent say they would be "enthusiastic" vs. 40 percent who say the same about Trump.	Only Ben Carson generates roughly the same level of enthusiasm as Trump (43 percent say they would be "enthusiastic" vs. 40 percent who say the same of Trump).	v_lex_style     	v_lex_style ambig_conj    
en	118	Der nächste in Sachen Begeisterung?	The next in terms of enthusiasm?	The next in terms of enthusiasm?	The next closest in enthusiasm?	x     	x     
en	119	Marco Rubio mit nur 21 Prozent.	Marco Rubio with only 21 percent.	Marco Rubio, with only 21 percent.	Marco Rubio with only 21 percent.	x     	x     
en	120	Auf der anderen Seite sagen 47 Prozent der republikanischen Wähler, dass sie "unzufrieden" oder "verärgert" wären, wenn Jeb Bush, der Favorit des Establishments, der Kandidat würde.	On the other hand, 47 percent of Republican voters say they would be "dissatisfied" or "upset" if Jeb Bush, the establishment's favorite, would be the candidate.	On the other hand, 47 percent of Republican voters said they were "dissatisfied" or "angry" when Jeb Bush, the favorite of the establishment, the candidate said.	On the flip side, 47 percent of Republican voters say they would be "dissatisfied" or "upset" if establishment favorite Jeb Bush becomes the nominee.	ambig_v     	v_infl v_infl literal v_lex  
en	121	Eine Mehrheit der Republikaner sieht Trumps Temperament nicht als Problem.	A majority of Republicans don't see Trumps temperament as a problem.	A majority of Republicans see Trump's temperament is not a problem.	A majority of Republicans don't see Trump's temperament as a problem.	ne     	neg     
en	125	Republikanische Wähler gewöhnen sich an die Idee.	Republican voters get used to the idea.	Republican voters get used to the idea.	Republican voters are getting used to the idea.	v_pres_cont     	v_pres_cont     
en	126	Wenn sie ihre Gelehrtenhüte aufsetzen, halten republikanischen Wähler Trump für real.	If they set up their erudition, Republican voters hold Trump for real.	If they put their scholars hats, Republican voters think Trump is for real.	When they put on their pundit hats, Republican voters think Trump is for real.	ambig_conj v_lex n_lex   	ambig_conj     
en	128	Das ist ein Wechsel seit dem Zeitpunkt, als vier von zehn Ende Juli ihr Geld auf Jeb Bush setzten.	This is a change since the time when four out of 10 at the end of July put their money on Jeb Bush.	This is a change from the time when four out of ten at the end of July put their money on Jeb Bush.	That's a change from when four in 10 placed their money on Jeb Bush in late July.	ambig_conj phrase_order_adv_time    	phrase_order_adv_time     
en	131	Dennoch zeigt sich, dass eine Vielzahl von GOP-Wählern Trumps Kampagne als plausibel ansehen.	Still, it is apparent that a variety of GOP-led voters see Trumps's campaign as plausible.	However, it appears that a large number of GOP voters, Trump's campaign as a plausible.	Still, it shows that a plurality of GOP voters see Trump's campaign as plausible.	v_lex n_lex    	v_lex v_miss    
en	133	Einige Experten weisen darauf hin, dass das zersplitterte Feld wahrscheinlich zu Trumps Führung beiträgt, während der Anti-Trump-Support auf mehr als ein Dutzend anderer Kandidaten diffus verteilt ist.	Some experts point out that the fractured field is likely to contribute to Trumps' leadership, while anti-gun support is difficile to more than a dozen other candidates.	Some experts suggest that the splintered field probably contributes to Trump's leadership, while the anti-Trump-support to more than a dozen other candidates distributed is diffuse.	Some pundits point out that the splintered field is likely contributing to Trump's lead, while anti-Trump support is be spread diffusely among more than a dozen other candidates.	a_lex_style ne_trans    	v_lex_style adv+v    
en	134	Aber eine Umfrage der Monmouth-University Anfang September zeigt, dass in einem hypothetischen Kopf-an-Kopf-Rennen zwischen Trump und den meisten anderen republikanischen Kandidaten, Trump die mehrheitliche Unterstützung erntet.	But a poll by Monmouth University in early September shows that in a hypothetical head-to-head race between Trump and most other Republican candidates, Trump is reaping majority support.	But a poll by Monmouth University in early September shows that in a hypothetical head-to-head race between Trump and most of the other Republican candidates, Trump is reaping the majority support.	But a Monmouth University poll in early September shows that, in a hypothetical head-to-head matchup between Trump and most other Republican candidates, Trump almost always garners majority support.	n_lex_style     	n_lex_style art_ext    
en	136	Es ist ein Kopf-an-Kopf-Rennen mit Ted Cruz.	It's a head-to-head race with Ted Cruz.	It is a head-to-head race with Ted Cruz.	He's in a dead heat with Ted Cruz.	x     	x     
en	137	Der einzige Kandidat, der ihn schlägt?	The only candidate who beats him?	The only candidate who beats him?	The only candidate who beats him?	x     	x     
en	140	Eine neue Umfrage von CBS/NYT am Dienstag zeigt, dass nur etwas mehr als die Hälfte der Wähler, die Trump unterstützen, sagen, dass sie ihre Stimmen fest vergeben haben.	A new poll by CBS/NYT on Tuesday shows that only slightly more than half of the voters who support Trump say they have their voices fixed.	A new CBS / NYT poll on Tuesday shows that only slightly more than half of the voters who support Trump, saying that they have given their votes.	A new CBS/NYT poll out on Tuesday shows that just more than half of voters who support Trump say they have locked in their votes.	art_ext adv+v    	art_ext pun_ext v_infl adv+v  
en	141	Natürlich kann viel geschehen, um das zu ändern, und niemand kann wirklich sagen, niemals die Meinung zu ändern.	Of course, a lot can be done to change that, and no one can really say never to change the opinion.	Of course, much can be done to change that, and no one can really say never to change their opinion.	Obviously, a lot can happen to change that, and no one can really say they would never change their mind.	literal     	literal     
en	142	46 Prozent sagten, dass sie die Tür offen lassen, um zu anderen Kandidaten zu wechseln.	Forty-six percent said they leave the door open to switch to other candidates.	46 percent said that they leave the door open to switch to other candidates.	46 percent said they are leaving the door open to switching candidates.	v_pres_cont     	v_pres_cont     
en	144	Sechs von 10 Republikanern sagen, dass sie mit Trump beim Thema Einwanderung übereinstimmen.	Six out of 10 Republicans say they agree with Trump on immigration.	Six out of 10 Republicans say they agree with Trump on the issue of immigration.	Six in 10 Republicans say they agree with Trump on immigration.	x     	x     
en	148	Solange also die Einwanderung im Rampenlicht verbleibt, wird es Donald Trump anscheinend auch tun.	So long as immigration remains in the limelight, Donald Trump seems to be doing it, too.	So, as long as immigration remains in the spotlight, it will also do Donald Trump apparently.	So as long as immigration remains in the spotlight, it seems Donald Trump will remain too.	phrase_structure     	literal     
en	149	Die Frustration über die Regierung klettert auf neue Höchststände.	Frustration over the government clings to new highs.	The frustration with the government climbs to new highs.	Frustration with government is climbing to new highs.	prep v_pres_cont    	art_ext v_pres_cont    
en	151	Sechs von 10 Republikanern sagen in der neuen Montags-Umfrage von ABC/Post, sie wollen lieber einen politische Außenseiter als jemanden mit Regierungserfahrung.	Six out of 10 Republicans say in the new Monday poll by ABC/Post that they'd rather want a political outsider than someone with government experience.	Six out of 10 Republicans said Monday in the new ABC / Post poll, they want a political outsider rather than someone with government experience.	Six in 10 Republicans in Monday's new ABC/Post poll say they want a political outsider over someone with government experience.	art_ext     	v_infl art_ext n-coll conj->pun  
en	152	Und sie sind auch wütend auf Washington.	And they're also angry at Washington.	And they are also angry at Washington.	And they are angry at Washington, too.	x     	x     
de	154	München, Sylt und Co.: Die fünf exklusivsten Wohngegenden Deutschlands	Munich, Sylt and Co.: The five most exclusive residential areas of Germany	Munich, Sylt and Co.: The five most exclusive residential areas in Germany	Munich, Sylt und Co.: the five most exclusive residential areas in Germany	prep     	x     
de	158	Eine neue Studie zeigt, in welchen besonderen Lagen ein Quadratmeter am meisten kostet.	A new study shows in which particular locations a square meter costs the most.	A new study shows, in which special situations a square metre costs the most.	This new study indicates the particular locations with the most expensive accommodation per square metre.	literal     	literal ambig_n    
de	159	Natürlich, 18,70 Euro pro Quadratmeter für eine Studentenbude in München sind nicht wirklich wenig.	Of course, 18.70 euros per square meter for a student bude in Munich are not really little.	Of course, 18,70 euros per square meter for a student room in Munich are not really little.	Of course, €18.70 per square metre for student digs in Munich is not really low.	comp literal    	literal     
de	162	Da sind mal mehrere Zehntausend Euro nix - pro Quadratmeter, wohlgemerkt.	There are several tens of thousands of euros - per square metre, of course.	There are several tens of thousands of euros per square metre - nix, mind you.	More than €10,000 is nothing there - per quare metre, mind you.	literal adv_miss    	literal untrans    
de	164	Übrigens: München liegt hier ausnahmsweise mal nicht an der Spitze.	By the way: Munich, for once, is not at the top.	By the way: Here is exceptionally not at the top.	Incidentally, for once Munich is not in the lead.	x     	ne literal    
de	166	Zweifacher Torschütze in Piräus: Bayern-Star Thomas Müller hat einfach einen Lauf.	Two-time goalscorer in Piraeus: Bayern star Thomas Müller just has a run.	Two career in Piraeus: Bayern star Thomas Müller has just one run.	Double goal scorer in Piraeus: Bayern star Thomas Müller is simply on a roll.	mwe     	comp mwe    
de	167	Ein glücklicher Treffer von Thomas Müller ebnete dem FC Bayern den Weg zu einem verdienten 3:0 bei Olympiakos Piräus - dann lief's.	A lucky hit by Thomas Müller gave FC Bayern the way to a deserved 3-0 at Olympiakos Piraeus - then ran.	A lucky strike by Thomas Müller joined FC Bayern paved the way to a deserved 3-0 in Piraeus expense - then ran '.	A lucky goal from Thomas Müller paved the way for a 3:0 victory for FC Bayern at Olypiacos Piraeus - then it got better.	n_lex ambig_v    	n_lex prep ne_trans ambig_v  
de	168	Ein souveräner Auftakt der Champions-League-Saison.	A sovereign prelude to the Champions League season.	A sovereign prelude to the Champions League season.	A confident start to the Champions League season.	ambig_a     	ambig_a     
de	171	Der zwölfte Starterfolg in Serie soll der erste Schritt Richtung Finale am 28. Mai 2016 in Italien sein, wo Guardiola im dritten Anlauf endlich den Henkelpott nach München holen will.	The twelfth star success in the series is to be the first step towards the final on May 28, 2016 in Italy, where Guardiola will finally bring the Henkelpott to Munich in the third attempt.	The twelfth launch success in series should be the first step towards the final on 28 May 2016 in Italy, where Guardiola wants to bring in the third attempt at the Henkel pot to Munich.	The twelfth successful start in a row should be the first step toward the final in Italy on 28 May 2016, where Guardiola wants to end his third attempt by taking the trophy back to Munich.	comp sollen ambig_v untrans  	comp phrase_structure prep comp  
de	182	Die besten Gelegenheiten in Hälfte eins hatte Robert Lewandowski.	The best opportunities in half one had Robert Lewandowski.	The best opportunities in the first half, Robert Lewandowski.	Robert Lewandowski had the best opportunities in the first half.	literal phrase_order_ovs    	v->pun phrase_order_ovs    
de	183	Zunächst, als Olympiakos-Stürmer Ideye Brown den Kopfball des Polen von der Linie schlug (26.).	First, as Olympiakos striker Ideye Brown beat Poland's headball from the line (26th).	First of all, the expense-striker Ideye Brown's header beat the Poles from the line (26).	First when Olympiacos striker Ideye Brown hit the Pole's header from the line in the 26th minute.	ambig_v ne comp   	ne_trans ne ambig_v ne  
de	185	Obwohl die Bayern ihr gewohnt dominantes Spiel aufzogen, konnte Piräus Nadelstiche setzen.	Although Bayern moved to their usual dominant game, Piraeus was able to set needle sticks.	Although the Bayern game raise their usual dominantes, Piraeus acupuncture could do.	Although Bayern is used to playing a dominant game, Piraeus were able to needle them.	mwe     	art_ext comp mwe   
de	187	So etwa, als er einen Schuss von Ideye über die Latte lenkte (56.).	So, for example, when he steered a shot of Ideye over the latte (56th).	For example, when he has a shot of the bar drew Ideye (56th).	For example when he steered a shot from Ideye over the crossbar in the 56th minute.	prep untrans    	v_past phrase_structure    
de	192	Götze kam spät für Arturo Vidal (76.) und machte 13 Minuten später alles klar, per Elfmeter setzte Müller noch einen drauf.	Idols arrived late for Arturo Vidal (7-6) and made it all clear 13 minutes later, by Elfmeter, Müller added one more.	Idol late for Arturo Vidal (76), and 13 minutes later made it clear that Muller was a penalty on another.	Götze came late for Arturo Vidal in the 76th minute and proved himself 13 minutes later; Müller put another one in with a penalty.	ne_trans number untrans pun_ext  	ne_trans v_miss v_past conj_ext  
de	196	Wer raucht, hat ein höheres Risiko, Zähne zu verlieren	Who smokes, has a higher risk of losing teeth	Smokers have a higher risk of losing teeth	Smokers at a greater risk of losing teeth	literal     	x     
de	199	Raucher haben ein deutlich erhöhtes Risiko, ihre Zähne früh zu verlieren.	Smokers have a significantly increased risk of losing their teeth early.	Smokers have a significantly increased risk of losing their teeth early.	Smokers have a significantly increased risk of losing their teeth early.	x     	x     
de	200	Das geht aus der Langzeitstudie eines internationalen Forscherteams hervor, darunter mehrere Mitarbeiter des Deutschen Instituts für Ernährungsforschung (DIfE) in Potsdam.	This is based on the long-term study of an international research team, including several employees of the German Institute for Food Research (DIfE) in Potsdam.	It emerges from the long-term study by an international team of researchers, including several employees of the German Institute of Human Nutrition (DIfE) in Potsdam.	This emerges from a long-term study by an international team of researchers, including a number of employees of the German Institute for Nutritional Research (DIfE) in Potsdam.	comp     	prep comp    
de	201	Im Vergleich zu Nichtrauchern lag bei Rauchern das Risiko, ihre Zähne vorzeitig zu verlieren, um das 2,5- bis 3,6-Fache höher.	Compared to non-smokers, smokers were at risk of losing their teeth prematurely, hitting the 2.5- to 3.6-fold higher.	Compared to non-smokers, smokers, the risk of losing their teeth prematurely, the 2.5 to 3.6-fold higher.	Compared to non-smokers, the risk of losing their teeth prematurely is between 2.5 and 3.6 times higher for smokers.	phrase_structure     	v->pun phrase_structure    
de	202	Die Wissenschaftler hatten mehr als 23.300 Teilnehmer beobachtet.	The scientists had observed more than 23,300 participants.	The scientists had observed more than 23.300 participants.	The scientists monitored more than 23,300 participants.	x     	x     
de	207	Menschen, die mit dem Rauchen aufhörten, könnten ihr Risiko aber innerhalb kurzer Zeit verringern, schreiben die Forscher im "Journal of Dental Research".	People who quit smoking could reduce their risk within a short period of time, the researchers wrote in the Journal of Dental Research.	People who stop smoking, reduce their risk, but within a short period of time, "the researchers write in the Journal of Dental Research."	People who stop smoking could reduce their risk within a short time, the researchers write in the "Journal of Dental Research".	v_infl     	v->pun conj_mid_order    
de	209	Man müsse Menschen davon überzeugen, Nichtraucher zu werden, erklärte Studienleiter Heiner Boeing vom DIfE: "Rauchen verkürzt die Lebenszeit."	People need to be persuaded to become non-smokers, study leader Heiner Boeing told DIfE: "Smoking is shortening the lifetime."	We need to convince people to be non-smokers, study director Heiner Boeing from DIfE declared: "Smoking shortens the life."	People should be persuaded to become non-smokers, declared study leader Heiner Boeing of DIfE: "Smoking shortens the lifespan".	phrase_structure v_pres_cont    	ambig_v v_order comp   
de	215	Zum wiederholten Mal sind am rechten Rheinufer in Köln archäologische Funde gemacht worden.	At the same time, archaeological findings have been made at the right bank of the Rhine in Cologne.	For the umpteenth time archaeological finds are on the right bank of the Rhine in Cologne.	Archaeological finds have again been made on the right bank of the Rhine in Cologne.	mwe prep    	mwe passive    
de	216	In der Nähe der Baustelle für den neuen Rheinboulevard haben Archäologen des Römisch-Germanischen-Museums Skelette und Reste historischer Bauten ausgegraben, sagte Museumsleiter Marcus Trier am Dienstag.	In the vicinity of the construction site for the new Rhine boulevard, archaeologists of the Römisch-Germanic Museum have dug out skeletons and remnants of historic buildings, museum director Marcus Trier said Tuesday.	In the vicinity of the construction site for the new Rhine Boulevard have archaeologists of the Römisch-Germanisches Museum excavated skeletons and remnants of historic buildings, said museum director Marcus Trier on Tuesday.	Archaeologists from the Roman Germanic Museum have unearthed skeletons and remains of historical buildings near the site where the new Rhine Boulevard is being constructed , said museum Director Marcus Trier on Tuesday.	genitive comp prep   	literal genitive comp   
de	217	Seit dem Beginn der Bauarbeiten am Rhein sind Historiker auf der Suche nach sogenannten Bodendenkmälern.	Since the beginning of the construction works on the Rhine, historians have been searching for so-called ground monuments.	Since the start of the construction works on the Rhine historians in search of so-called natural monuments.	Historians have been in search of so-called architectural monuments since the start of construction work on the Rhine.	x     	v_miss comp    
de	218	Bei allen Bauvorhaben im Stadtbezirk Köln wird das Museum stets als Fachamt für Archäologische Bodendenkmalpflege hinzugezogen.	In all construction works in the city district of Cologne, the museum is always referred to as the Department of Archaeology of Archaeology.	All construction projects in the city district of Cologne, the museum is always consulted as Fachamt for Archaeological soil preservation.	The museum, as the department for archaeological monument conservation, is always consulted when construction projects are carried out in the city district of Cologne.	prep v_lex comp   	prep_miss comp comp   
de	219	Im dritten Bauabschnitt des Rheinboulevards wurden die Archäologen nun fündig.	Archaeologists have now been found in the third section of the Rhine River.	In the third phase of the Rhine boulevards, the archaeologists found what they needed.	The archaeologists made a find in the third construction phase of the Rhein Boulevard.	art_miss mwe comp   	comp n_infl    
de	220	Aus Textdokumenten sei bereits bekannt gewesen, dass an der Stelle im 4. Jahrhundert eine Festung und im 8. Jahrhundert eine Kirche gestanden haben, erläuterte Trier.	From text documents, it was already known that at the point in the 4th century a fortress and in the 8th century stood a church, explained Trier.	From text documents had already been known that at the point in the 4th century, a fortress and a church stood in the 8th century, Trier explained.	It is already known from text documents that a fortress stood on this spot in the 4th century, and in the 8th century a church, explained Trier.	v_lex phrase_structure    	pron_miss_src_impers v_lex phrase_structure   
de	221	Neben Resten der Festung und des Kirchturms sei auch ein Friedhof mit rund 350 Gräbern entdeckt worden, der wohl zu der Kirche gehörte.	In addition to remnants of the fortress and the church tower, there was also a cemetery with around 350 graves, which was probably part of the church.	In addition to the ruins of the fortress and the church tower and a cemetery with about 350 graves had been discovered, probably belonged to the church.	Besides the remains of the fortress and the church tower, a cemetery with around 350 graves, which probably belonged to the church, has also been discovered.	art_miss passive_worden    	pun->conj pun_miss pron_rel_miss   
de	230	Hinweise, die über die Ursache des Unfalls Aufschluss geben, können unter rund um die Uhr geschalteten und kostenfreien Hotline der Bundespolizei unter Telefon 0800/6888000 oder jede anderen Polizeidienststelle gegeben werden.	Evidence that sheds light on the cause of the accident can be provided at around the clock and free of charge by the federal police under phone 0800/6888000 or any other police station.	Notes that give information about the cause of the accident, which has been under round-the-clock and free telephone hotline of the Federal Police on 0800 / 6888000 or any other police station.	Any information that can be provided about the cause of the accident can be given by calling the free 24-hour police hotline on 0800/688 8000 or at any police station.	n_lex v_lex mwe n_miss genitive prep_miss	n_lex passive mwe prep_miss  
de	232	Zur Entschärfung des Streits über das geplante transatlantische Freihandelsabkommen TTIP hat die EU-Kommission eine umfangreiche Reform des aktuellen Schiedsgerichtssystems vorgeschlagen.	To defuse the dispute over the planned transatlantic free trade agreement TTIP, the EU Commission has proposed a comprehensive reform of the current arbitration system.	To defuse the dispute over the planned transatlantic free trade agreement TTIP, the EU Commission has a comprehensive reform of the current arbitration system proposed.	To defuse the controversy over the planned Transatlantic Trade and Investment Partnership, TTIP, the EU Commission has proposed a substantial reform of the current arbitration system.	x     	v_order     
de	235	Die Schwedin hat vor, den Vorschlag als europäische Verhandlungsposition in die Freihandelsgespräche mit den USA einzubringen.	The Swede is proposing to introduce the proposal as a European negotiating position in the free trade talks with the United States.	The Swede has plans to introduce the proposal as European negotiating position in the free-trade talks with the United States.	The Swede plans to introduce the proposal as the European negotiating position in the free trade talks with the USA.	art_ext     	x     
de	236	Die deutsche Regierung kündigte Unterstützung an.	The German government announced support.	The German government announced support.	The German government has announced its support.	v_past_cont     	v_past_cont     
de	237	Durch TTIP soll die größte Freihandelszone der Welt mit 800 Millionen Menschen entstehen.	TTIP aims to create the largest free trade area in the world with 800 million people.	By TTIP is the world's largest free trade zone with 800 million people.	The creation of TTIP will result in the largest free trade zone in the world, covering 800 million people.	x     	sollen     
de	238	Die Pläne zur Reform der aktuellen Schiedsverfahren sehen konkret vor, dass die EU-Staaten und die USA gemeinsam unabhängige Richter für einen neuen Investitionsgerichtshof auswählen.	The plans to reform the current arbitration procedures specifically stipulate that the EU Member States and the United States will jointly choose independent judges for a new Investment Court.	The plans for reform of the current arbitration specifically see that the EU countries and the US together independent judges to select a new investment law.	Plans for reform of the current arbitration procedure specifically provide for the EU states and the USA to jointly select independent judges for a new investment court.	art_ext v_pref_lex v_ext   	art_ext comp v_pref_lex literal v_order 
de	240	Vorgesehen ist zum ersten Mal auch eine zweite Instanz.	For the first time, there is also a second instance.	A second instance is also provided for the first time.	For the first time, a second instance is also provided for.	x     	x     
de	243	In der Diskussion der vergangenen Monate sei deutlich geworden, dass Bürger dem alten ISDS-System in Sachen Fairness und Gerechtigkeit nicht vertrauten, kommentierte Malmström.	In the debate over the past few months, it has become clear that citizens are not familiar with the old ISDS system in terms of fairness and fairness.	In the discussion of the past few months is clear that citizens of the old ISDS system in terms of fairness and justice cannot be trusted, "said Malmström.	In the discussions over the past months it has become clear that citizens do not trust the old ISDS system to be fair and just, commented Malström.	v/a n_lex phrase_miss   	genitive pron_miss_impers ambig_v phrase_structure passsive 
de	246	Die vor allem von Großkonzernen verlangten Investor-Staats-Schiedsverfahren (ISDS) gelten als einer der Hauptgründe für den großen Widerstand in Europa gegen TTIP.	The investor-state arbitration procedures (ISDS) demanded by large corporations are considered to be one of the main reasons for the great resistance in Europe against TTIP.	The especially large corporations required investor-state arbitration (ISDS) is considered as one of the main reasons for the strong opposition in Europe against TTIP.	Investor State Dispute Settlement (ISDS), which is required particularly by large companies, is said to be one of the main reasons for the stiff opposition to the TTIP in Europe.	x     	passive     
de	252	Das alte System von privaten Schiedsgerichten sei vom Tisch.	The old system of private arbitration is off the table.	The old system of private arbitration is off the table.	The old system of private arbitration courts is off the table.	comp     	comp     
de	253	Auch die französische Regierung begrüßte die Pläne von Malmström.	The French government also welcomed Malmström's plans.	The French government has welcomed the plans of Malmström.	The French government, too, welcomed Malström's plans.	x     	adv_miss art_ext    
de	261	Delikater Folk von Sufjan Stevens in Hamburg	Delicate folk from Sufjan Stevens in Hamburg	Delicate folk of a sceptic in Hamburg	Exquisite folk from Sufjan Stevens in Hamburg	x     	prep ne_trans    
de	264	Das gesamte Publikum, etwa 40 Personen, ist nahezu ergriffen von Stevens Vortrag.	The entire audience, about 40 people, is almost taken by Stevens talk.	The entire audience, about 40 people, is almost taken by Stevens.	The entire audience, some 40 people, is virtually mesmerised by Stevens's performance.	x     	n_miss     
de	271	Reduziert tritt Stevens hier auf.	As a result, Stevens is stepping down here.	Reduced Stevens occurs here.	Stevens seems to have downsized here.	diff     	literal     
de	273	Ein Jahr später kehrt der in New-York lebende Musiker zurück zur Serie.	A year later, the musician living in New-York is returning to the series.	A year later, the New-York-based musician back to the series.	One year later the New York-based musician returns to his series.	num->art v_pres_cont    	num->art v_miss    
de	274	Mit "Illinois" ("Sufjan Stevens Invites You To: Come on Feel The Illinoise") erscheint 2005 ein flächendeckend gefeiertes Meisterwerk.	With "Illinois" ("Sufjan Stevens Present You To: Come on Feel The Oregoise") appears a nationwide celebrated masterpiece in 2005.	"Illinois" ("a sceptic Invites You To: Come on Feel the Illinoise") in 2005, is a universally-celebrated masterpiece.	With "Illinois" ("Sufjan Stevens Invites You To: Come On Feel The Illinoise") in 2005, a widely acclaimed masterpiece is released.	diff     	ne_trans diff    
de	275	Überbordend an Ideen und stilistischer Finesse.	Brimming with ideas and stylistic finesse.	In überbordend ideas and stylistic finesse.	Exuberant with ideas and stylistic sophistication.	x     	prep untrans    
de	278	Dieses sechste ordentliche Studioalbum ist noch immer breit orchestriert, jedoch von programmierten Sequenzen oder Beats getragen und spielt mit allerlei Effekt und Hall.	This sixth proper studio album is still widely orchestrated, but worn by programmed sequences or beats and plays with all sorts of effect and Hall.	This sixth studio album orchestrated is still wide, but driven by programmed sequences or beats and plays with all sorts of effects and Hall.	This sixth proper studio album is still broadly orchestrated, but supported by programmed sequences or beats and plays with a variety of effects and echoes.	ambig_v n_infl untrans   	v_order a/adv untrans   
de	282	Theater präsentiert er hauptsächlich das seit März erhältliche "Carrie & Lowell".	He mainly presents the "Carrie & Lowell," which has been available since March.	He Theatre presents the available since March, "Carrie & Lowell."	Since March the theatre has primarily presented "Carrie and Lowell".	diff     	diff     
de	284	Ohne ein Wort an das Publikum zu richten, spielt sich die Gruppe exzellenter Musiker durch das breit angereicherte Album.	Without giving a word to the audience, the group is playing excellent musicians through the widely enriched album.	Without a word to say to the audience, a group of excellent musicians is enriched by the album.	Without directing a word at the public the group of excellent musicians plays through the widely enriched album.	v_lex v_pres_cont genitive   	art v_miss phrase_structure   
en	295	Mr Corbyns Entscheidung, nicht die Nationalhymne zu singen, hat Aufmerksamkeit auf sich gezogen	MR Corbyns decision not to sing the national anthem has drawn attention	Mr Corbyn's decision not to sing the national anthem, has drawn attention to	Mr Corbyn's decision not to sing the national anthem has attracted attention	cap     	prep_ext     
en	300	Mr Corbyn sagte der TUC-Konferenz, dass Labour Änderungen vorlege, um die ganze Idee einer Begrenzung insgesamt zu entfernen.	MR Corbyn told the TUC conference that Labour was making changes to remove the whole idea of a limit overall.	Mr Corbyn told the TUC conference that Labour changes present to the whole idea of a limit to remove altogether.	Mr Corbyn told the TUC conference Labour was putting forward amendments to remove the whole idea of a cap altogether.	ambig_adv     	literal v_order    
en	302	Mr Corbyn wird der fünfte Labour-Vorsitzende sein, der David Cameron, seitdem er Tory-Chef ist, im letzten Jahrzehnt über die Dispatch-Box im Parlament hinweg gegenüber steht.	MR Corbyn will be the fifth Labour leader to face David Cameron since he is Tory-leader in the last decade over the dispatch-box in parliament.	Mr Corbyn is the fifth to be Labour leader, David Cameron, the Tory leader, in the last decade at the Dispatch Box in the House, is facing.	Mr Corbyn will be the fifth Labour leader that David Cameron has faced across the despatch box over the past decade since he became Tory leader.	diff     	diff     
en	310	Das Stadtzentrum von Johannesburg ist ein knallharter Ort, wenn man obdachlos ist.	The city centre of Johannesburg is a tough place if you are homeless.	The city of Johannesburg is a place of fierce, if you are homeless.	Downtown Johannesburg is a tough place to be homeless.	x     	comp order    
en	313	BBC News hat einen der ersten Absolventen des Projekts getroffen.	BBC News has met one of the project's first graduates.	BBC News has taken one of the first graduates of the project.	BBC News went to meet one of the project's first graduates.	x     	ambig_v     
en	314	Wie Sie Ihre Geschichten, Bilder und Videos mit BBC News teilen	How to share your stories, pictures and videos with BBC News	How do you your stories, pictures and videos to share with BBC News	How to share your stories, pictures and videos with BBC News	x     	v_order     
en	318	Haben Sie ein Ereignis gesehen oder waren Sie davon betroffen?	Have you seen an event or have you been affected?	Have you ever seen an event or affected you?	Have you seen or been involved in a news event?	x     	adv_ext passive    
en	320	Haben Sie eine Geschichte zu erzählen, oder gibt es etwas, was Sie nach Ihrer Ansicht verfolgen sollten?	Do you have a story to tell, or is there something you should follow in your view?	Do you have a story to tell, or is there something that you should have in your opinion?	Have you got a story to tell or is there something you think we should follow up?	x     	v_miss     
en	322	Was möchten Sie kommentieren?	What do you want to comment?	What do you want to comment on?	What do you want to comment on?	x     	x     
en	324	Geschäftsbedingungen für das Senden von Beiträgen an die BBC.	Terms and conditions for sending contributions to the BBC.	Terms and conditions for sending contributions to the BBC.	Terms and conditions for sending contributions to the BBC.	x     	x     
en	326	Kontaktieren Sie uns auf Twitter	Contact us on Twitter	To contact us on Twitter	Contact us on Twitter	x     	to_ext     
en	327	Wir können Ihre Tweets nutzen, indem wir Ihren Twitter-Benutzernamen bei BBC-Produktionen verwenden.	We can use your tweets by using your Twitter username on BBC productions.	We can use your tweets by your Twitter username in BBC productions.	We may use your tweets displaying your Twitter username on BBC output.	x     	v_miss     
en	328	Senden Sie uns eine Nachricht auf WhatsApp	Send us a message on WhatsApp	Please send us a message on WhatsApp	Message us on WhatsApp	x     	x     
en	329	Senden Sie uns ein Bild, Video oder eine Nachricht an unsere WhatsApp Nummer + 44-7525-900971	Send us a picture, video or a message to our WhatsApp number +44-7525-900971	Send us a picture, video or message to our WhatsApp number + 44 7525 900971-	Send us a picture, video or message to our WhatsApp number +44 7525 900971	art_ext     	x     
en	331	Wir werden Ihren Namen so veröffentlichen, wie Sie ihn angeben (wenn Sie uns nicht bitten, dies zu unterlassen), aber wir werden nie Ihre Handynummer veröffentlichen.	We will publish your name as you specify it (if you do not ask us to do so), but we will never publish your mobile phone number.	We will publish your name as you provide it (unless you ask us not to do so), but we will never publish your phone number.	We will publish your name as you provide it (unless you ask us not to) but we will never publish your mobile phone number.	neg     	x     
en	333	Oder wenn Sie sich außerhalb des Vereinigten Königreichs befinden, an die internationale Nummer +44 7624 800 100.	Or if you are outside the UK, the international number +44 7624 800 100.	Or if you are outside the United Kingdom, to the international number + 44 7624 800 100.	Or if you are outside the UK, send them to the international number +44 7624 800 100.	prep_miss     	x     
en	335	Senden Sie uns Ihre Geschichten und Kommentare per E-Mail an haveyoursay@bbc.co.uk	Send us your stories and comments via e-mail to haveyoursay @ BBC.co.uk	Send us your stories and comments via email to haveyoursay @ BBC.co.uk	Email your stories and comments to haveyoursay@bbc.co.uk	x     	x     
en	336	Wir bemühen uns, alle Ihre E-Mails zu lesen, aber aufgrund der Mengen, die wir jeden Tag erhalten, ist es nicht immer möglich, alle einzeln zu beantworten.	We strive to read all your e-mails, but due to the quantities we receive every day, it is not always possible to answer all of them individually.	We are committed to all your e-mails to read, but due to the numbers we receive each day, it is not always possible to reply to everyone individually.	We aim to read all of your emails but due to the numbers we receive each day it is not always possible to reply to everyone individually.	x     	v_order     
en	337	Senden Sie uns Ihre Bilder, Video- oder Audioaufnahmen per E-Mail an yourpics@bbc.co.uk	Send us your pictures, video or audio recordings via e-mail to yourpics @ BBC.co.uk	Send us your pictures, video or audio recordings via e-mail to your pics @ BBC.co.uk	Email your pictures, video or audio to us at yourpics@bbc.co.uk	x     	x     
en	341	Pfund steigt durch beschleunigtes Lohnwachstum im Vereinigten Königreich	Pound rises by accelerating wage growth in the UK	Pound rises through accelerated wage growth in the United Kingdom	Pound rises as UK wage growth accelerates	x     	ambig_prep     
en	345	Das Pfund stieg um mehr als 1 % gegenüber dem Dollar auf $1,5505 und war bis 0,84 % gegenüber dem Euro auf 1,3730 € geklettert.	The pound rose by more than 1 per cent against the dollar to $1,5505 and was up 0.84 per cent against the euro to €1.3730.	The pound rose by more than 1% against the dollar to $1,5505 and had climbed up 0.84% against the euro to €1,3730.	Sterling rose more than 1% against the dollar to $1.5505 and was up 0.84% against the euro at €1.3730.	x     	x     
en	346	Der FTSE 100 Index schloss mit einer Steigerung um 1,49 % auf 6.229,21.	The FTSE 100 index closed with an increase of 1.49% to 6,229.21.	The FTSE 100 index closed with an increase of 6.229,21 1,49%.	The FTSE 100 index closed up 1.49% to 6,229.21.	x     	phrase_structure     
en	348	Eine Transaktion würde die zwei größten Brauereien der Welt kombinieren und Marken wie Budweiser, Stella Artois, Peroni und Grolsch zusammenbringen.	A transaction would combine the world's two largest breweries and bring together brands such as Budweiser, Stella Artois, Peroni and Grolsch.	A transaction would combine the two largest breweries in the world and bring together brands such as Budweiser, Stella Artois, Peroni and Grolsch.	A deal would combine the world's two largest brewers, bringing together brands such as Budweiser, Stella Artois, Peroni and Grolsch.	x     	x     
en	349	Burberry-Aktien waren nach ermutigenden Nachrichten vom Konkurrenz-Konzern für Luxusgüter Richemont 0,9 % höher.	Burberry shares were 0.9% higher after encouraging news from the Competition Group for Luxury Goods Richemont.	Burberry shares were after encouraging news from the competition for luxury goods group Richemont 0.9% higher.	Burberry shares were 0.9% higher following encouraging news from rival luxury goods group Richemont.	x     	phrase_order_a     
en	354	Der Chef von JD Sports sagt, dass höhere Löhne die Expansion gefährden.	The head of JD Sports says higher wages jeopardize expansion.	The boss of JD Sports says that higher wages could jeopardize the expansion.	JD Sports boss says higher wages could hurt expansion	x     	art_ext     
en	356	Aber es sei unwahrscheinlich, dass diese Kaufkraft die höheren Arbeitskosten bei seiner Firma ausgleichen werde, sagt er.	But it is unlikely that this purchasing power will offset the higher labor costs at his company, he says.	But it is unlikely that this purchasing power will compensate for the higher labor costs at his company, he says.	But that spending power is unlikely to outweigh the higher labour costs at his firm, he says.	x     	x     
en	357	Die Kosten könnten die Expansionspläne von JD Sports treffen, fügte er hinzu, und das könnte bedeuten, dass es weniger zusätzliche Arbeitsplätze gibt.	The cost could hit JD Sports's expansion plans, he added, and that could mean there are fewer additional jobs.	The cost of the expansion plans of JD Sports meeting, he added, and that could mean that there are fewer jobs.	The costs could hit JD Sports' expansion plans, he added, which could mean fewer extra jobs.	n_infl     	n_infl phrase_structure ambig_v   
de	358	Justin Bieber in der Hauptstadt: Auf Bieber-Expedition in Berlin	Justin Bieber in the Capital: On Bieber Expedition in Berlin	Justin Bieber in the capital: Bieber-expedition in Berlin	Justin Bieber in the capital city: on a Bieber expedition in Berlin	x     	prep_miss     
de	359	Justin Bieber, Megastar.	Justin Bieber, Megastar.	Justin Bieber, mega star.	Justin Bieber, megastar.	x     	x     
de	362	Eher sogar mehr.	Rather even more.	Even more.	Probably even more.	x     	adv_miss     
de	364	Und die Generation U17 dreht durch.	And the generation U17 turns through.	Montag and the generation.	And the under-17 generation is going berserk.	ambig_v     	diff     
de	365	Wie Wiktoria Rudzinska.	Like Wiktoria Rudzinska.	As Wiktoria Rudzinska.	Like Wiktoria Rudzinska.	x     	x     
de	367	Nicht schlimm.	Not bad.	Not bad.	Not so bad.	x     	x     
de	368	Hunderte Fans begleiteten Justin gestern.	Hundreds of fans accompanied Justin yesterday.	Hundreds of fans accompanied Justin yesterday.	Hundreds of fans accompanied Justin yesterday.	x     	x     
de	369	Darunter Ewa und Viktoria aus Polen.	Including Ewa and Viktoria from Poland.	Including Ewa and Victoria from Poland.	Including Eva and Viktoria from Poland.	x     	x     
de	371	Der Bieber-Bau: Hier wohnt ihr Idol, dessen Poster zuhauf in Stettin hängen, seit Montagabend.	The Bieber-Bau: Here's her idol, whose poster hung up in Stettin, since Monday night.	The Bieber-construction: Here lives their idol whose posters abound in Szczecin, since Monday evening.	The Bieber building: their idol, whose face appears on huge numbers of posters in Szczecin, has been staying here since Monday evening.	untrans ambig_pron n_infl n_lex v_past_cont 	ambig_n v_past_cont v_miss   
de	372	Die Suite, in dem der kanadische Sänger wohnt, kostet am Tag genau so viel, wie ihre Mama Ewa im halben Jahr verdient.	The suite, in which the Canadian singer lives, costs exactly as much on the day as her mom Ewa earns in six months.	The suite in which the Canadian singer, costs on the day just as much as their mom Ewa earns in half a year.	The suite where the Canadian singer is staying costs as much for one night as her mother Ewa earns in six months.	v_pres_cont prep ambig_conj   	v_miss prep ambig_pron   
de	373	Wenn überhaupt.	If anything.	If anything.	At least.	x     	x     
de	374	Die sagt: "Eigentlich müsste meine Wiktoria in der zehnten Klasse im Gymnasium sitzen."	The saying: "In fact, my Wiktoria would have to sit in the 10th grade in high school."	It says: "Actually, my Administration would be in the tenth grade in high school seats."	She says: "My Viktoria should really be sitting in the 10th class in the grammar school at the moment."	pron/art v_pres_cont    	pron     
de	376	Schulpflicht?	School duty?	Compulsory school?	Compulsory education?	mwe     	mwe     
de	381	Für die Reklame in der Werbepause des Superbowls kassierte er drei Millionen, ein Zweijahres-Deal mit einer Anti-Pickel-Firma spülte viele, viele Dollar aufs Bieber-Konto.	For the promotion in the advertising break of the superhero, he netted three million, a second-year deal with an anti-picket company washed up many, many dollars to the Bieber account.	For the advertising in the advertising break Spain's super bowls he three million, a two-year deal with an anti-pimple-company raked in many, many dollars on Bieber's account.	He is earning three million for advertising in the commercial break at the Super Bowl, a two-year deal with an anti-spot company pours many many dollars into Bieber's account.	diff     	diff     
de	384	Mehr als 100 Millionen soll er so erbeutet haben.	He is said to have captured more than 100 million.	More than 100 million he is said to have captured.	He has looted more than a hundred million like that.	adv_miss     	literal adv_miss    
de	386	Andere betonen, Bieber sei schließlich gerade in den USA und Großbritannien mit seiner neuen Single "What do you mean?" auf Platz 1.	Others emphasize that Bieber is finally just in the US and Britain with his new single "What do you?" at No. 1.	Others point out that Bieber was mean, especially in the United States and Britain with his new single "What do you do? '.	Others point out that after all Bieber is charting in both the USA and Great Britain with his new single "What do you mean?" at number one.	diff     	diff     
de	395	"Das ist Multikulti für den Magen", meint Alhay.	"This is Multikulti for the stomach," says Alhay.	"This is" multicultural for the stomach, Alhay says.	"That is multi-cultural food!" says Alhay.	untrans     	pun_order v_order    
de	396	Die Idee hat sich der Libanese inzwischen beim Patentamt in München eintragen lassen.	The idea has now been written by the Lebanese at the Patent Office in Munich.	The idea of the Lebanese has now register at the Patent Office in Munich.	Now he has registered his idea at the patent office in Munich.	v_lex     	v_infl     
de	397	Dort ist sie nach Angaben der Behörde seit kurzem als Gebrauchsmuster geschützt.	It has recently been protected as a utility model, according to the authority.	It is protected according to the authority recently as a utility model.	According to officials there it is now protected as a registered design.	v_past_cont     	adv_order     
en	412	Der Verlust im Nahrungs- und Lebensmittelgeschäft und bei den Mengen auf Metcashs hoher Fixkostenbasis könnte Metcash rund 13 Millionen $ Gewinn vor Zinsen und Steuern kosten, sagte Mr Kierath.	The loss in the food and food business and in the quantities at Metcash's high fixed cost base could cost Metcash about $13 million in earnings before interest and taxes, Mr Kierath said.	The loss in food and grocery store and the quantities on Metcash Metcashs high fixed-cost base could be around $13 million in earnings before interest and taxes, Mr Kierath said.	The loss of food and grocery sales and volumes on Metcash's high fixed-cost base could cost Metcash around $13 million in earnings before interest and tax, Mr Kierath said.	prep art_ext prep art_ext prep 	prep art_ext ne   
en	413	Zum gleichen Zeitpunkt verliert Metcash Marktanteile in den Oststaaten, hauptsächlich an Aldi und Coles, obwohl eine kürzlich durchgeführte Umfrage von Roy Morgan herausfand, dass IGA-Einkäufer die treuesten sind.	At the same time, Metcash is losing market share in eastern states, mainly to Aldi and Coles, although a recent survey by Roy Morgan found that IGA buyers are the most loyal.	At the same time is losing market share in the Metcash Oststaaten, mainly at Aldi and Coles, although a recent poll by Roy Morgan found that IGA shoppers are the most loyal.	At the same time, Metcash is losing market share in the eastern states, mainly to Aldi and Coles, even though a recent Roy Morgan survey found IGA shoppers were most loyal.	v_infl     	ne untrans prep v_infl  
en	415	Letzte Woche erzählte der führende Fondsmanager Hamish Douglass, der Gründer der Magellan Financial Group, bei einem Geschäftsessen in Melbourne, dass Metcash wahrscheinlich innerhalb eines Jahrzehnts. Metcash verschwinden werde.	Last week, the leading fund manager Hamish Douglass, the founder of the Magellan Financial Group, told a business lunch in Melbourne that Metcash is likely to disappear within a decade.	Last week, the leading fund managers today Douglass, founder of Magellan Financial Group, told a business lunch in Melbourne that Metcash will probably disappear within a decade, Metcash.	Last week, leading fund manager Hamish Douglass, the founder of Magellan Financial Group, told a business lunch in Melbourne that Metcash could "highly, probably disappear within a decade.	art_ext     	n_infl ne art_miss ne  
en	421	Thanasi Kokkinakis wird vom Präsident des australischen Tennisverbands Steve Healy unterstützt	Thanasi Kokkinakis is backed by the president of Australian Tennis Federation Steve Healy	Thanasi Kokkinakis is supported by the President of the Australian Tennis Association Steve Healy	Thanasi Kokkinakis backed by Tennis Australia president Steve Healy	art_ext     	art_ext art_ext    
en	422	Thanasi Kokkinakis verdient eher Lob als Kritik für sein Verhalten.	Thanasi Kokkinakis deserves more praise than criticism for his behaviour.	Thanasi Kokkinakis deserves praise rather than criticism for his behaviour.	Thanasi Kokkinakis deserves kudos rather than criticism for his behaviour.	adv_lex     	x     
en	430	Aber, wirklich, er hat sich in den US-Open extrem gut verhalten, sogar unter den ziemlich provokativen Umständen mit Harrison und so weiter, und ich denke, dass er viel Anerkennung verdient.	But, really, he has behaved extremely well in the U.S. Open, even under the rather provocative circumstances with Harrison and so on, and I think he deserves a lot of recognition.	But, really, he was in the US Open have behaved extremely well, even under the rather provocative circumstances with Harrison and so on, and I think he deserves a lot of recognition.	But, really, he's handled himself extremely well, in pretty provocative circumstances in the US with Harrison and so on, and I think he deserves a lot of credit.	x     	v_order     
en	440	Aber Frustrationen stiegen an.	But frustrations rose.	But frustrations grew.	But frustrations were on the rise.	x     	x     
en	441	Als ein Polizeihubschrauber über ihnen schwebte, skandierten die Migranten "Öffnet die Grenze!" und schrieen Beleidigungen gegen die ungarische Bereitschaftspolizei.	When a police helicopter hovered over them, the migrants "opened the border!" and shouted insults against Hungarian riot police.	As a police helicopter hovered over them, the migrants chanted "open the borders!" And screaming insults against the Hungarian riot police.	As a police helicopter hovered above, migrants chanted "Open the border!" and shouted insults at Hungarian riot police.	v_miss v_infl prep   	v_pres_cont prep art_ext   
en	459	Gyorgy Bakondi, Landes-Sicherheitsberater für Orban, sagte, dass Behörden 45 Menschen beim Versuch, die Grenze zu überqueren erwischten, 15 andere waren bereits tiefer in das Land eingedrungen.	Gyorgy Bakondi, land security adviser for Orban, said that authorities told 45 people in trying to cross the border, 15 others had already invaded the country.	Gyorgy Bakondi, national-security adviser to Orban, said that 45 people authorities while trying to cross the border caught, 15 others were already penetrated deep into the country.	Gyorgy Bakondi, homeland security adviser to Orban, said authorities caught 45 people trying to cross at the border and 15 deeper in the country.	prep v_lex prep_ext v_lex  	phrase_structure     
en	461	Behörden sind dabei, den Zaun schnell zu reparieren.	Authorities are in the process of repairing the fence quickly.	Authorities are in the process of repairing the fence quickly.	Authorities are quickly repairing the fence.	x     	x     
en	466	Wahl-2016: Hillary Clintons Vorsprung vor Bernie Sanders in nationaler Umfrage halbiert	Election 2016: Hillary Clinton's lead ahead of Bernie Sanders in national poll halved	Election 2016: Hillary Clinton's lead over Bernie Sanders in national poll, halved	Election 2016: Hillary Clinton's lead over Bernie Sanders cut by half in national poll	prep     	pun_ext     
en	468	Clinton hat nun die Unterstützung von 47 Prozent der demokratischen Wähler bei den Vorwahlen (58 Prozent zuvor), während Sanders an zweiter Stelle steht, mit 27 Prozent (Anstieg um 17 Prozent).	Clinton now has the support of 47 percent of Democratic voters in the primaries (58 percent previously), while Sanders is second, with 27 percent (rising by 17 percent).	Clinton now has the support of 47 percent of Democratic voters in the primaries (58 percent previously, while Sanders is in second place with 27 percent (an increase of 17 percent.	Clinton now has the backing of 47 percent of Democratic primary voters (down from 58 percent), while Sanders comes in second, with 27 percent (up from 17 percent).	literal     	literal pun_miss pun_miss   
en	470	Mehr als fünf Monate vor Beginn der Vorwahlen, sagen die meisten demokratischen Wähler, dass es zu früh ist, um zu sagen, dass ihre Meinung feststeht, welchen Kandidaten sie unterstützen werden.	More than five months before the start of the primaries, most Democratic voters say it is too early to say that their opinion is determined which candidate they will support.	More than five months before the start of the primaries, most Democratic voters that it is too early to say that their opinion is what candidates say they will support.	More than five months before the start of the primary contests, most Democratic voters say it is too early to say that their minds are made up about which candidate they will support.	ambig_n     	ambig_n phrase_structure    
en	480	Sechs Prozent würden sie nicht unterstützen.	Six percent would not support them.	Six percent would not support them.	Six percent would not support her.	ambig_pron     	ambig_pron     
en	482	Die Ansichten sind stärker gemischt bei denjenigen, die derzeit Clinton nicht unterstützen - nur etwa ein Viertel würde sie begeistert unterstützen.	The views are more mixed among those who currently do not support Clinton - only about a quarter would enthusiastically support them.	The views are more mixed among those who do not currently support Clinton, only about a quarter would enthusiastically support.	Views are more mixed among those not currently backing Clinton - only about a quarter would enthusiastically support her.	art_ext pron_sie    	art_ext pron_miss    
en	491	Fünfundfünfzig Prozent der demokratischen Wähler sehen Clinton als Kandidatin mit den besten Chancen, die Wahl zu gewinnen; jedoch ist diese Zahl von 78 Prozent im letzten Monat gesunken.	Fifty-five percent of Democratic voters see Clinton as a candidate with the best odds of winning the election; however, that number has fallen from 78 percent last month.	Fifty-five percent of Democratic voters see Clinton as the candidate with the best chance to win the election; however, this figure has fallen from 78 percent in the last month.	Fifty-five percent of Democratic voters see Clinton as the candidate with the best chance of winning the general election; however that figure is down from 78 percent last month.	det     	x     
en	495	Die Demokratischen Kandidaten oder potenziellen Kandidaten erbringen gute Ergebnisse bei einigen wichtigen Merkmalen bei Wählern der Vorwahlen ihrer Partei.	The Democratic candidates or potential candidates provide good results on some important traits among voters of their party's primaries.	The Democratic candidates or potential candidates for their party's primaries provide good results in a number of important characteristics with voters.	The Democratic candidates, or potential candidates, perform well on some key characteristics among their party's primary voters.	mwe     	mwe phrase_structure    
en	502	Aber es ist eine andere Geschichte in der amerikanischen Öffentlichkeit insgesamt.	But it's a different story in the American public as a whole.	But it is a different story in the American public as a whole.	But it's a different story among the American public overall.	prep adv_lex    	prep adv_lex    
en	503	Die Hälfte der Amerikaner ist jetzt mit ihrer Erklärung unzufrieden, während nur etwa ein Drittel zufrieden ist.	Half of Americans are now unhappy with their statement, while only about a third are satisfied.	Half of Americans are now dissatisfied with their statement, while only about one-third are satisfied.	Half of Americans are now dissatisfied with her explanation, while just about a third are satisfied.	a_lex_style     	x     
en	509	Zur gleichen Zeit sehen 55 Prozent der Wahlberechtigten landesweit auch Trump als nicht ehrlich und nicht vertrauenswürdig an.	At the same time, 55 percent of eligible voters nationwide also see Trump as not honest and untrustworthy.	At the same time, 55 percent of voters nationwide see also Trump as not honest and not trustworthy.	At the same time, 55 percent of registered voters nationwide don't see Trump as honest and trustworthy either.	neg     	v_order neg neg   
en	510	Clinton und Trump erhalten jedoch gute Noten bei Führung.	Clinton and Trump, however, receive good marks on leadership.	Clinton and Trump, however, get good marks for leadership.	Both Clinton and Trump, however, get good marks on leadership.	x     	prep     
en	513	Die Fehlerquote für die Stichprobe von 351 Demokratischen Wählern bei den Vorwahlen beträgt 6 Prozentpunkte.	The margin of error for the sample of 351 Democratic voters in the primaries is 6 percentage points.	The margin of error for the sample of 351 Democratic voters in the primaries is 6 percentage points.	The margin of error for the sample of 351 Democratic primary voters is 6 percentage points.	mwe     	mwe     
en	515	Ben Carson befindet sich bei der neuesten Umfrage von CBS News/New York Times dicht hinter Donald Trump	Ben Carson is in the latest poll from CBS News/New York Times close behind Donald Trump	Ben Carson is located in the latest poll from CBS News / New York Times behind Donald Trump	Ben Carson is running close behind Donald Trump in the newest CBS News/New York Times poll	phrase_order_adv     	ambig_v phrase_order_adv adv_miss   
en	518	Aber Carson schoss im gleichen Zeitraum von 6 % auf 23 %.	But Carson shot up from 6% to 23% in the same period.	But Carson shot over the same period, from 6% to 23%.	But Carson rocketed in that same period from 6% to 23%.	ambig_v     	ambig_v phrase_structure    
en	521	Der ehemalige Florida-Gouverneur Jeb Bush, der ehemalige Gouverneur von Arkansas Mike Huckabee und Florida-Senator Marco Rubio befinden sich mit 6 % auf dem dritten Platz.	Former Florida governor Jeb Bush, the former governor of Arkansas Mike Huckabee and Florida-Senator Marco Rubio are up with 6% in third place.	Former Florida Governor Jeb Bush, the former governor of Arkansas Mike Huckabee and Florida Senator Marco Rubio with 6% in the third place.	Former Florida Gov. Jeb Bush, former Arkansas Gov. Mike Huckabee and Florida Sen. Marco Rubio all tied for third place with 6%.	art_ext v_lex    	art_ext v_miss    
en	522	Die Fehlermarge bei der Stichprobe von 376 Personen von Republikanischen Wählern in dieser neuesten Umfrage ist Plus oder Minus 6 % und wurde im September durchgeführt.	The error margin at the sample of 376 people from Republican voters in this latest poll is Plus or minus 6% and was carried out in September.	The margin of error for the sample of 376 people of Republican voters in the latest poll is plus or minus 6% and was carried out in September.	The margin of error for the 376-person sample of Republican voters in this newest poll is plus-or-minus 6%, and was conducted Sept.	prep     	x     
en	524	Die jüngste Umfrage von ABC News/Washington Post zeigte auch Trump deutlich vor Carson.	The latest poll by ABC News/Washington Post also showed Trump significantly ahead of Carson.	The recent poll by ABC News / Washington Post also showed Trump well ahead of Carson.	The latest poll from ABC News/Washington Post also showed Trump significantly ahead of Carson.	prep     	prep     
en	525	Mit Blick auf einen in der letzten Woche aufsteigenden Carson fand Trump einige Seitenhiebe für den ehemaligen Neurochirurgen, selbst nachdem Carson sich dafür entschuldigte, Trumps Glauben in Frage zu stellen.	With a view to one in last week's Carson, Trump found some sideshots for the former neurosurgeon, even after Carson apologized for questioning Trumps's faith.	Facing a last week ascending Carson, Trump found some pages blows for the former neurosurgeon, even after Carson apologized for questioning Trump's faith in question.	Facing a rising Carson last week, Trump took some potshots at the retired neurosurgeon, even as Carson apologized for questioning Trump's faith.	literal v_miss diff   	literal diff    
en	526	"Wir brauchen Energie", sagte Trump am vergangenen Samstag während eines Kampagnen-Auftritts in Iowa.	"We need energy," Trump said last Saturday during a campaign appearance in Iowa.	"We need energy," said Trump last Saturday during a campaign appearance in Iowa.	"We need energy," Trump said last Saturday during a campaign stop in Iowa.	x     	x     
de	533	Das Rote Meer in Ägypten kommt auf 28 Grad.	The Red Sea in Egypt comes to 28 degrees.	The Red Sea in Egypt comes to 28 degrees.	The Red Sea in Egypt is 28 degrees.	literal     	literal     
en	535	Fast zwei Jahre, nachdem ein Student während eines schikanösen Rituals einer Studentenverbindung in Pocono Mountains, Pennsylvania, verstarb, werden Mordanklagen gegen fünf Personen eingereicht.	Nearly two years after a student died during a bullying ritual of a student compound in Pocono Mountains, Pennsylvania, murder charges are filed against five people.	Nearly two years after a student died during a fraternity ritual bullying in Pocono Mountains, Pennsylvania, to be filed murder charges against five people.	Nearly two years after a college student died during a fraternity hazing ritual in Pennsylvania's Pocono Mountains, murder charges have been filed against five people.	ambig_n v_past_cont    	n-coll v_order v_past_cont   
en	538	Mr. Deng klagte schließlich über Kopfschmerzen, dann fiel er bewusstlos um.	Mr. Deng eventually complained about headaches, then fell unconscious.	Mr. Deng finally complained about headaches, then he fell unconscious.	Mr. Deng eventually complained that his head hurt then fell unconscious.	x     	x     
en	539	Die Mitglieder der Pi-Delta-Psi-Bruderschaft riefen nicht die Notrufnummer 911 an, nachdem Deng ohnmächtig wurde und warteten angeblich eine Stunde, bevor sie ihn in ein Krankenhaus brachten, so die Polizei.	Members of the Pi-DeltaPsi Brotherhood did not call the emergency number 911 after Deng became impotent and reportedly waited an hour before they took him to a hospital, according to police.	The members of the Pi Delta Psi-Brotherhood called the emergency number 911 after Deng was powerless and allegedly waited an hour before they brought him to a hospital, according to the police.	Pi Delta Psi fraternity members did not call 911 after Deng passed out, and allegedly waited an hour before bringing him to a hospital, police say.	ambig_a     	art_ext neg ambig_v ambig_a  
en	545	Bruderschaften und ihre Mitglieder müssen zur Rechenschaft gezogen werden, und dieser Schritt von Behörden ist sehr wichtig.	Bruising and its members must be held accountable, and this move by authorities is very important.	Congregations, and its members must be held accountable, and this move by authorities is very important.	Fraternities and their members must be held accountable, and this step by authorities is an important one.	n_lex ambig_pron    	n_lex pun_ext ambig_pron   
en	549	Das Baruch College hat die Bruderschaft verboten, und die nationale Bruderschaft hat ihre Zugehörigkeit zu der Ortsgruppe widerrufen.	Baruch College has banned the Brotherhood, and the national Brotherhood has revoked its affiliation with the local group.	The Baruch College has banned the Brotherhood, and the national fraternity has revoked their affiliation with the group.	Baruch College banned the fraternity and the national fraternity revoked its affiliation with the local chapter.	v_past_cont v_past_cont    	art_ext v_past_cont v_past_cont ambig_pron comp 
en	550	Das wird passieren, wenn die Fed die Zinsen erhöht	This will happen if the Fed raises interest rates	This will happen when the Fed raises interest rates	Here's what will happen when the Fed raises interest rates	x     	x     
en	552	Das wissen wir.	We know that.	What we know.	This we know.	x     	pron     
en	554	Insbesondere bietet die Geschichte für die Wirtschaft nur geringe Anleitung zum Ablauf.	In particular, history provides little guidance for the economy.	In particular, the history of the economy offers little guidance to the process.	For the economy specifically, history offers little guide about timing.	diff     	diff     
en	562	Das bedeutet jedoch nicht, dass es keine Auswirkungen geben wird.	However, that does not mean there will be no impact.	This does not mean that there will be no impact.	That's not to say there won't be effects, however.	x     	adv_miss     
en	576	Während viele Strategen und Ökonomen glauben, dass das FOMC eine Erhöhung in dieser Sitzung genehmigen könnte, gibt der Futures-Handel nur eine Wahrscheinlichkeit von 25 Prozent an.	While many strategists and economists believe the FOMC could approve an increase in this session, futures trading gives only a 25 percent probability.	While many strategists and economists believe that the FOMC increased could approve during this session, the futures trading is only a probability of 25 percent.	While many strategists and economists believe the FOMC could approve a hike at this meeting, futures trading indicates just a 25 percent probability.	x     	phrase_structure art_ext v_lex   
en	578	Im Gegensatz dazu ist dies eine eindeutig langsame Erholung von dem, was die schlimmste Rezession in der beobachteten Phase war.	By contrast, this is a clearly slow recovery from what was the worst recession in the observed period.	In contrast, this is clearly a slow recovery from what was the worst recession in the observed period.	By contrast this has been a uniquely slow recovery from what was the worst recession in the sample period.	v_past_cont     	v_past_cont     
en	579	Der aktuelle Zyklus ist bei weitem der längste, den die Fed seit dem Ende der letzten Rezession gewartet hat; der Rekord war 35 Monate, und dies sind bisher 74 Monate.	The current cycle is by far the longest the Fed has waited since the end of the last recession; the record was 35 months, and this has been 74 months so far.	The current cycle is by far the longest, the Fed has been waiting since the end of the last recession, the record was 35 months, and there have been 74 months.	The current cycle is by far the longest the Fed has waited since the end of the last recession; the record had been 35 months, and this is 74 months and counting.	v_past_cont v_past_cont    	v_past_cont v_past_cont v_past_cont   
en	581	Der Hauptunterschied ist, dass die Wirkung bei Anleihen schneller ist als bei Aktien, wenn die ihren strategischen Kurs verändern.	The main difference is that the effect on bonds is faster than in equities if they change their strategic course.	The main difference is that the effect on bonds is faster than stocks if the change their strategic direction.	The principal difference is that the impact happens faster in bonds than stocks when the Fed changes course in policy.	x     	pron/det     
en	582	Bei Anleihen scheinen die Renditen die Richtung zu wechseln, sobald die erste Erhöhung/Senkung in dem Zyklus erfolgt.	On bonds, the returns appear to change direction as soon as the first increase/reduction takes place in the cycle.	With bond yields seem to change direction as soon as the first increase / decrease in the cycle.	For bonds, it does seem yields change direction immediately as the first hike/cut in the cycle arrives.	prep     	prep n_infl v_miss   
en	601	Er zielte auch auf die BBC Music Awards und sagte, dass sie nur The Brits imitierten	He also aimed at the BBC Music Awards and said she only imitated The Brits	He was also on the BBC Music Awards and said that they only imitated The bathrooms smelt	Also took aim at the BBC Music Awards, saying they just rip off the Brits	ambig_pron     	v_lex prep ne   
en	602	Parlaments-Kollege Damien Collins griff die Sendung The Voice an und sagte, dass dies nicht sehr originell sei.	Parliamentary colleague Damien Collins attacked the broadcast The Voice and said that this was not very original.	House-colleague Damien Collins attacked the show The Voice and said that this was not very original.	Colleague Damien Collins MP attacked The Voice, saying that too wasn't original	x     	n_lex     
